area,session,event,train_object,test_object,acc,auc,evaluation,is_cross_object
AIP,MonkeyA_Session01,Event1,Object1,Object1,0.4380000000000001,0.3516666666666666,within_object_cv,False
AIP,MonkeyA_Session01,Event1,Object1,Object2,0.4583333333333333,0.3611111111111111,cross_object_holdout,True
AIP,MonkeyA_Session01,Event1,Object1,Object3,0.6666666666666666,0.5833333333333334,cross_object_holdout,True
AIP,MonkeyA_Session01,Event1,Object2,Object1,0.4583333333333333,0.3819444444444444,cross_object_holdout,True
AIP,MonkeyA_Session01,Event1,Object2,Object2,0.608,0.6316666666666668,within_object_cv,False
AIP,MonkeyA_Session01,Event1,Object2,Object3,0.5,0.5763888888888888,cross_object_holdout,True
AIP,MonkeyA_Session01,Event1,Object3,Object1,0.5,0.4583333333333333,cross_object_holdout,True
AIP,MonkeyA_Session01,Event1,Object3,Object2,0.6666666666666666,0.6736111111111112,cross_object_holdout,True
AIP,MonkeyA_Session01,Event1,Object3,Object3,0.561,0.5816666666666667,within_object_cv,False
AIP,MonkeyA_Session01,Event3,Object1,Object1,0.405,0.325,within_object_cv,False
AIP,MonkeyA_Session01,Event3,Object1,Object2,0.4166666666666667,0.4791666666666667,cross_object_holdout,True
AIP,MonkeyA_Session01,Event3,Object1,Object3,0.5416666666666666,0.5069444444444444,cross_object_holdout,True
AIP,MonkeyA_Session01,Event3,Object2,Object1,0.5416666666666666,0.5972222222222222,cross_object_holdout,True
AIP,MonkeyA_Session01,Event3,Object2,Object2,0.7659999999999999,0.8833333333333334,within_object_cv,False
AIP,MonkeyA_Session01,Event3,Object2,Object3,0.5416666666666666,0.4722222222222222,cross_object_holdout,True
AIP,MonkeyA_Session01,Event3,Object3,Object1,0.5833333333333334,0.75,cross_object_holdout,True
AIP,MonkeyA_Session01,Event3,Object3,Object2,0.5,0.5625,cross_object_holdout,True
AIP,MonkeyA_Session01,Event3,Object3,Object3,0.38599999999999995,0.36166666666666664,within_object_cv,False
AIP,MonkeyA_Session02,Event1,Object1,Object1,0.369,0.32833333333333337,within_object_cv,False
AIP,MonkeyA_Session02,Event1,Object1,Object2,0.4583333333333333,0.5416666666666666,cross_object_holdout,True
AIP,MonkeyA_Session02,Event1,Object1,Object3,0.4583333333333333,0.45138888888888895,cross_object_holdout,True
AIP,MonkeyA_Session02,Event1,Object2,Object1,0.5833333333333334,0.6111111111111112,cross_object_holdout,True
AIP,MonkeyA_Session02,Event1,Object2,Object2,0.606,0.6633333333333333,within_object_cv,False
AIP,MonkeyA_Session02,Event1,Object2,Object3,0.4583333333333333,0.47916666666666663,cross_object_holdout,True
AIP,MonkeyA_Session02,Event1,Object3,Object1,0.4166666666666667,0.4791666666666667,cross_object_holdout,True
AIP,MonkeyA_Session02,Event1,Object3,Object2,0.625,0.6805555555555556,cross_object_holdout,True
AIP,MonkeyA_Session02,Event1,Object3,Object3,0.389,0.325,within_object_cv,False
AIP,MonkeyA_Session02,Event3,Object1,Object1,0.778,0.8683333333333333,within_object_cv,False
AIP,MonkeyA_Session02,Event3,Object1,Object2,0.875,0.9375,cross_object_holdout,True
AIP,MonkeyA_Session02,Event3,Object1,Object3,0.6666666666666666,0.7638888888888888,cross_object_holdout,True
AIP,MonkeyA_Session02,Event3,Object2,Object1,0.8333333333333334,0.9027777777777778,cross_object_holdout,True
AIP,MonkeyA_Session02,Event3,Object2,Object2,0.747,0.8649999999999999,within_object_cv,False
AIP,MonkeyA_Session02,Event3,Object2,Object3,0.6666666666666666,0.7291666666666667,cross_object_holdout,True
AIP,MonkeyA_Session02,Event3,Object3,Object1,0.875,0.9097222222222222,cross_object_holdout,True
AIP,MonkeyA_Session02,Event3,Object3,Object2,0.75,0.8680555555555556,cross_object_holdout,True
AIP,MonkeyA_Session02,Event3,Object3,Object3,0.652,0.7333333333333334,within_object_cv,False
AIP,MonkeyB_Session01,Event1,Object1,Object1,0.389,0.43166666666666664,within_object_cv,False
AIP,MonkeyB_Session01,Event1,Object1,Object2,0.4583333333333333,0.375,cross_object_holdout,True
AIP,MonkeyB_Session01,Event1,Object1,Object3,0.25,0.3819444444444444,cross_object_holdout,True
AIP,MonkeyB_Session01,Event1,Object2,Object1,0.5416666666666666,0.5416666666666667,cross_object_holdout,True
AIP,MonkeyB_Session01,Event1,Object2,Object2,0.36699999999999994,0.3066666666666667,within_object_cv,False
AIP,MonkeyB_Session01,Event1,Object2,Object3,0.5833333333333334,0.47222222222222227,cross_object_holdout,True
AIP,MonkeyB_Session01,Event1,Object3,Object1,0.4166666666666667,0.4791666666666667,cross_object_holdout,True
AIP,MonkeyB_Session01,Event1,Object3,Object2,0.625,0.6180555555555557,cross_object_holdout,True
AIP,MonkeyB_Session01,Event1,Object3,Object3,0.562,0.5716666666666668,within_object_cv,False
AIP,MonkeyB_Session01,Event3,Object1,Object1,0.5479999999999999,0.575,within_object_cv,False
AIP,MonkeyB_Session01,Event3,Object1,Object2,0.3333333333333333,0.24305555555555555,cross_object_holdout,True
AIP,MonkeyB_Session01,Event3,Object1,Object3,0.4583333333333333,0.4444444444444444,cross_object_holdout,True
AIP,MonkeyB_Session01,Event3,Object2,Object1,0.5,0.39583333333333337,cross_object_holdout,True
AIP,MonkeyB_Session01,Event3,Object2,Object2,0.72,0.8183333333333335,within_object_cv,False
AIP,MonkeyB_Session01,Event3,Object2,Object3,0.625,0.7222222222222222,cross_object_holdout,True
AIP,MonkeyB_Session01,Event3,Object3,Object1,0.625,0.7013888888888888,cross_object_holdout,True
AIP,MonkeyB_Session01,Event3,Object3,Object2,0.7083333333333334,0.7777777777777778,cross_object_holdout,True
AIP,MonkeyB_Session01,Event3,Object3,Object3,0.652,0.7016666666666665,within_object_cv,False
AIP,MonkeyB_Session02,Event1,Object1,Object1,0.56,0.53,within_object_cv,False
AIP,MonkeyB_Session02,Event1,Object1,Object2,0.5416666666666666,0.48611111111111116,cross_object_holdout,True
AIP,MonkeyB_Session02,Event1,Object1,Object3,0.5,0.5138888888888888,cross_object_holdout,True
AIP,MonkeyB_Session02,Event1,Object2,Object1,0.4166666666666667,0.375,cross_object_holdout,True
AIP,MonkeyB_Session02,Event1,Object2,Object2,0.57,0.5333333333333333,within_object_cv,False
AIP,MonkeyB_Session02,Event1,Object2,Object3,0.4583333333333333,0.5069444444444444,cross_object_holdout,True
AIP,MonkeyB_Session02,Event1,Object3,Object1,0.3333333333333333,0.3611111111111111,cross_object_holdout,True
AIP,MonkeyB_Session02,Event1,Object3,Object2,0.5416666666666666,0.6388888888888888,cross_object_holdout,True
AIP,MonkeyB_Session02,Event1,Object3,Object3,0.6080000000000001,0.6733333333333333,within_object_cv,False
AIP,MonkeyB_Session02,Event3,Object1,Object1,0.6749999999999998,0.7383333333333333,within_object_cv,False
AIP,MonkeyB_Session02,Event3,Object1,Object2,0.5416666666666666,0.5208333333333333,cross_object_holdout,True
AIP,MonkeyB_Session02,Event3,Object1,Object3,0.6666666666666666,0.673611111111111,cross_object_holdout,True
AIP,MonkeyB_Session02,Event3,Object2,Object1,0.5416666666666666,0.6597222222222222,cross_object_holdout,True
AIP,MonkeyB_Session02,Event3,Object2,Object2,0.667,0.715,within_object_cv,False
AIP,MonkeyB_Session02,Event3,Object2,Object3,0.5,0.47916666666666663,cross_object_holdout,True
AIP,MonkeyB_Session02,Event3,Object3,Object1,0.5416666666666666,0.5833333333333334,cross_object_holdout,True
AIP,MonkeyB_Session02,Event3,Object3,Object2,0.7083333333333334,0.6666666666666667,cross_object_holdout,True
AIP,MonkeyB_Session02,Event3,Object3,Object3,0.706,0.7799999999999998,within_object_cv,False
F5,MonkeyB_Session01,Event1,Object1,Object1,0.44999999999999996,0.5000000000000001,within_object_cv,False
F5,MonkeyB_Session01,Event1,Object1,Object2,0.4666666666666667,0.5111111111111112,cross_object_holdout,True
F5,MonkeyB_Session01,Event1,Object1,Object3,0.4666666666666667,0.5111111111111112,cross_object_holdout,True
F5,MonkeyB_Session01,Event1,Object2,Object1,0.5333333333333333,0.5555555555555556,cross_object_holdout,True
F5,MonkeyB_Session01,Event1,Object2,Object2,0.5766666666666667,0.6044444444444445,within_object_cv,False
F5,MonkeyB_Session01,Event1,Object2,Object3,0.6,0.6355555555555557,cross_object_holdout,True
F5,MonkeyB_Session01,Event1,Object3,Object1,0.43333333333333335,0.5466666666666666,cross_object_holdout,True
F5,MonkeyB_Session01,Event1,Object3,Object2,0.6,0.6533333333333333,cross_object_holdout,True
F5,MonkeyB_Session01,Event1,Object3,Object3,0.45,0.4577777777777778,within_object_cv,False
F5,MonkeyB_Session01,Event3,Object1,Object1,0.8533333333333333,0.9333333333333332,within_object_cv,False
F5,MonkeyB_Session01,Event3,Object1,Object2,0.7666666666666667,0.8177777777777777,cross_object_holdout,True
F5,MonkeyB_Session01,Event3,Object1,Object3,0.8333333333333334,0.8933333333333334,cross_object_holdout,True
F5,MonkeyB_Session01,Event3,Object2,Object1,0.8333333333333334,0.928888888888889,cross_object_holdout,True
F5,MonkeyB_Session01,Event3,Object2,Object2,0.8,0.8755555555555555,within_object_cv,False
F5,MonkeyB_Session01,Event3,Object2,Object3,0.9,0.92,cross_object_holdout,True
F5,MonkeyB_Session01,Event3,Object3,Object1,0.7333333333333333,0.8355555555555556,cross_object_holdout,True
F5,MonkeyB_Session01,Event3,Object3,Object2,0.7,0.8044444444444444,cross_object_holdout,True
F5,MonkeyB_Session01,Event3,Object3,Object3,0.92,0.9488888888888889,within_object_cv,False
F5,MonkeyB_Session02,Event1,Object1,Object1,0.57,0.5755555555555556,within_object_cv,False
F5,MonkeyB_Session02,Event1,Object1,Object2,0.5666666666666667,0.5244444444444444,cross_object_holdout,True
F5,MonkeyB_Session02,Event1,Object1,Object3,0.6,0.5977777777777777,cross_object_holdout,True
F5,MonkeyB_Session02,Event1,Object2,Object1,0.4666666666666667,0.42666666666666664,cross_object_holdout,True
F5,MonkeyB_Session02,Event1,Object2,Object2,0.4966666666666667,0.5222222222222223,within_object_cv,False
F5,MonkeyB_Session02,Event1,Object2,Object3,0.4,0.45555555555555555,cross_object_holdout,True
F5,MonkeyB_Session02,Event1,Object3,Object1,0.6666666666666666,0.7066666666666667,cross_object_holdout,True
F5,MonkeyB_Session02,Event1,Object3,Object2,0.5,0.45333333333333337,cross_object_holdout,True
F5,MonkeyB_Session02,Event1,Object3,Object3,0.3999999999999999,0.2677777777777778,within_object_cv,False
F5,MonkeyB_Session02,Event3,Object1,Object1,0.6633333333333334,0.8222222222222223,within_object_cv,False
F5,MonkeyB_Session02,Event3,Object1,Object2,0.6666666666666666,0.7555555555555555,cross_object_holdout,True
F5,MonkeyB_Session02,Event3,Object1,Object3,0.9666666666666667,0.9911111111111112,cross_object_holdout,True
F5,MonkeyB_Session02,Event3,Object2,Object1,0.7333333333333333,0.8622222222222222,cross_object_holdout,True
F5,MonkeyB_Session02,Event3,Object2,Object2,0.6666666666666667,0.8066666666666665,within_object_cv,False
F5,MonkeyB_Session02,Event3,Object2,Object3,0.9333333333333333,0.9911111111111112,cross_object_holdout,True
F5,MonkeyB_Session02,Event3,Object3,Object1,0.7333333333333333,0.8400000000000001,cross_object_holdout,True
F5,MonkeyB_Session02,Event3,Object3,Object2,0.7333333333333333,0.8355555555555556,cross_object_holdout,True
F5,MonkeyB_Session02,Event3,Object3,Object3,0.9,0.9777777777777777,within_object_cv,False
F5,MonkeyB_Session03,Event1,Object1,Object1,0.5333333333333333,0.6066666666666667,within_object_cv,False
F5,MonkeyB_Session03,Event1,Object1,Object2,0.5666666666666667,0.5777777777777777,cross_object_holdout,True
F5,MonkeyB_Session03,Event1,Object1,Object3,0.6,0.5733333333333334,cross_object_holdout,True
F5,MonkeyB_Session03,Event1,Object2,Object1,0.5666666666666667,0.6177777777777778,cross_object_holdout,True
F5,MonkeyB_Session03,Event1,Object2,Object2,0.57,0.6088888888888888,within_object_cv,False
F5,MonkeyB_Session03,Event1,Object2,Object3,0.5,0.4755555555555555,cross_object_holdout,True
F5,MonkeyB_Session03,Event1,Object3,Object1,0.6333333333333333,0.6844444444444444,cross_object_holdout,True
F5,MonkeyB_Session03,Event1,Object3,Object2,0.4666666666666667,0.43999999999999995,cross_object_holdout,True
F5,MonkeyB_Session03,Event1,Object3,Object3,0.3566666666666666,0.27555555555555555,within_object_cv,False
F5,MonkeyB_Session03,Event3,Object1,Object1,0.45,0.43777777777777777,within_object_cv,False
F5,MonkeyB_Session03,Event3,Object1,Object2,0.6666666666666666,0.6444444444444445,cross_object_holdout,True
F5,MonkeyB_Session03,Event3,Object1,Object3,0.4666666666666667,0.4711111111111111,cross_object_holdout,True
F5,MonkeyB_Session03,Event3,Object2,Object1,0.43333333333333335,0.5333333333333333,cross_object_holdout,True
F5,MonkeyB_Session03,Event3,Object2,Object2,0.5833333333333333,0.6177777777777778,within_object_cv,False
F5,MonkeyB_Session03,Event3,Object2,Object3,0.5,0.5466666666666666,cross_object_holdout,True
F5,MonkeyB_Session03,Event3,Object3,Object1,0.43333333333333335,0.45777777777777784,cross_object_holdout,True
F5,MonkeyB_Session03,Event3,Object3,Object2,0.5666666666666667,0.5644444444444445,cross_object_holdout,True
F5,MonkeyB_Session03,Event3,Object3,Object3,0.4033333333333334,0.3977777777777778,within_object_cv,False
F5,MonkeyB_Session04,Event1,Object1,Object1,0.4966666666666667,0.5044444444444445,within_object_cv,False
F5,MonkeyB_Session04,Event1,Object1,Object2,0.5,0.5022222222222222,cross_object_holdout,True
F5,MonkeyB_Session04,Event1,Object1,Object3,0.7,0.5466666666666667,cross_object_holdout,True
F5,MonkeyB_Session04,Event1,Object2,Object1,0.4666666666666667,0.4311111111111111,cross_object_holdout,True
F5,MonkeyB_Session04,Event1,Object2,Object2,0.5866666666666667,0.6311111111111111,within_object_cv,False
F5,MonkeyB_Session04,Event1,Object2,Object3,0.4666666666666667,0.4355555555555555,cross_object_holdout,True
F5,MonkeyB_Session04,Event1,Object3,Object1,0.5666666666666667,0.5288888888888889,cross_object_holdout,True
F5,MonkeyB_Session04,Event1,Object3,Object2,0.43333333333333335,0.4355555555555556,cross_object_holdout,True
F5,MonkeyB_Session04,Event1,Object3,Object3,0.44333333333333336,0.44,within_object_cv,False
F5,MonkeyB_Session04,Event3,Object1,Object1,0.67,0.6955555555555556,within_object_cv,False
F5,MonkeyB_Session04,Event3,Object1,Object2,0.5,0.5066666666666667,cross_object_holdout,True
F5,MonkeyB_Session04,Event3,Object1,Object3,0.8,0.7777777777777778,cross_object_holdout,True
F5,MonkeyB_Session04,Event3,Object2,Object1,0.5666666666666667,0.64,cross_object_holdout,True
F5,MonkeyB_Session04,Event3,Object2,Object2,0.6133333333333333,0.5866666666666667,within_object_cv,False
F5,MonkeyB_Session04,Event3,Object2,Object3,0.6,0.7244444444444444,cross_object_holdout,True
F5,MonkeyB_Session04,Event3,Object3,Object1,0.6666666666666666,0.711111111111111,cross_object_holdout,True
F5,MonkeyB_Session04,Event3,Object3,Object2,0.7,0.7422222222222221,cross_object_holdout,True
F5,MonkeyB_Session04,Event3,Object3,Object3,0.6366666666666667,0.6422222222222222,within_object_cv,False
F5,MonkeyB_Session06,Event1,Object1,Object1,0.5033333333333334,0.5777777777777778,within_object_cv,False
F5,MonkeyB_Session06,Event1,Object1,Object2,0.5333333333333333,0.46222222222222226,cross_object_holdout,True
F5,MonkeyB_Session06,Event1,Object1,Object3,0.5666666666666667,0.6133333333333333,cross_object_holdout,True
F5,MonkeyB_Session06,Event1,Object2,Object1,0.43333333333333335,0.48,cross_object_holdout,True
F5,MonkeyB_Session06,Event1,Object2,Object2,0.33666666666666667,0.24444444444444446,within_object_cv,False
F5,MonkeyB_Session06,Event1,Object2,Object3,0.5,0.5377777777777778,cross_object_holdout,True
F5,MonkeyB_Session06,Event1,Object3,Object1,0.7333333333333333,0.7244444444444444,cross_object_holdout,True
F5,MonkeyB_Session06,Event1,Object3,Object2,0.5,0.4888888888888888,cross_object_holdout,True
F5,MonkeyB_Session06,Event1,Object3,Object3,0.4833333333333333,0.5,within_object_cv,False
F5,MonkeyB_Session06,Event3,Object1,Object1,0.82,0.8866666666666667,within_object_cv,False
F5,MonkeyB_Session06,Event3,Object1,Object2,0.8,0.8844444444444445,cross_object_holdout,True
F5,MonkeyB_Session06,Event3,Object1,Object3,0.6666666666666666,0.8133333333333334,cross_object_holdout,True
F5,MonkeyB_Session06,Event3,Object2,Object1,0.8,0.8666666666666666,cross_object_holdout,True
F5,MonkeyB_Session06,Event3,Object2,Object2,0.7266666666666666,0.84,within_object_cv,False
F5,MonkeyB_Session06,Event3,Object2,Object3,0.6666666666666666,0.7422222222222222,cross_object_holdout,True
F5,MonkeyB_Session06,Event3,Object3,Object1,0.7,0.8577777777777779,cross_object_holdout,True
F5,MonkeyB_Session06,Event3,Object3,Object2,0.8,0.8311111111111111,cross_object_holdout,True
F5,MonkeyB_Session06,Event3,Object3,Object3,0.6366666666666667,0.7244444444444444,within_object_cv,False
F5,MonkeyB_Session07,Event1,Object1,Object1,0.5066666666666666,0.4822222222222223,within_object_cv,False
F5,MonkeyB_Session07,Event1,Object1,Object2,0.6333333333333333,0.6799999999999999,cross_object_holdout,True
F5,MonkeyB_Session07,Event1,Object1,Object3,0.5333333333333333,0.6311111111111112,cross_object_holdout,True
F5,MonkeyB_Session07,Event1,Object2,Object1,0.6,0.6533333333333333,cross_object_holdout,True
F5,MonkeyB_Session07,Event1,Object2,Object2,0.48,0.4577777777777778,within_object_cv,False
F5,MonkeyB_Session07,Event1,Object2,Object3,0.5666666666666667,0.5511111111111111,cross_object_holdout,True
F5,MonkeyB_Session07,Event1,Object3,Object1,0.5333333333333333,0.6177777777777778,cross_object_holdout,True
F5,MonkeyB_Session07,Event1,Object3,Object2,0.5,0.5155555555555555,cross_object_holdout,True
F5,MonkeyB_Session07,Event1,Object3,Object3,0.6133333333333333,0.6066666666666667,within_object_cv,False
F5,MonkeyB_Session07,Event3,Object1,Object1,0.8333333333333335,0.9066666666666667,within_object_cv,False
F5,MonkeyB_Session07,Event3,Object1,Object2,0.7666666666666667,0.8222222222222222,cross_object_holdout,True
F5,MonkeyB_Session07,Event3,Object1,Object3,0.8,0.7644444444444445,cross_object_holdout,True
F5,MonkeyB_Session07,Event3,Object2,Object1,0.7,0.8488888888888889,cross_object_holdout,True
F5,MonkeyB_Session07,Event3,Object2,Object2,0.7166666666666667,0.7933333333333334,within_object_cv,False
F5,MonkeyB_Session07,Event3,Object2,Object3,0.7,0.7733333333333333,cross_object_holdout,True
F5,MonkeyB_Session07,Event3,Object3,Object1,0.7,0.7822222222222223,cross_object_holdout,True
F5,MonkeyB_Session07,Event3,Object3,Object2,0.5666666666666667,0.7244444444444444,cross_object_holdout,True
F5,MonkeyB_Session07,Event3,Object3,Object3,0.55,0.5844444444444445,within_object_cv,False
F5,MonkeyB_Session08,Event1,Object1,Object1,0.53,0.5111111111111112,within_object_cv,False
F5,MonkeyB_Session08,Event1,Object1,Object2,0.5,0.5288888888888889,cross_object_holdout,True
F5,MonkeyB_Session08,Event1,Object1,Object3,0.43333333333333335,0.4177777777777778,cross_object_holdout,True
F5,MonkeyB_Session08,Event1,Object2,Object1,0.5333333333333333,0.4888888888888888,cross_object_holdout,True
F5,MonkeyB_Session08,Event1,Object2,Object2,0.4433333333333333,0.4555555555555555,within_object_cv,False
F5,MonkeyB_Session08,Event1,Object2,Object3,0.4,0.4177777777777778,cross_object_holdout,True
F5,MonkeyB_Session08,Event1,Object3,Object1,0.4666666666666667,0.4177777777777777,cross_object_holdout,True
F5,MonkeyB_Session08,Event1,Object3,Object2,0.4666666666666667,0.4533333333333333,cross_object_holdout,True
F5,MonkeyB_Session08,Event1,Object3,Object3,0.4433333333333333,0.5177777777777779,within_object_cv,False
F5,MonkeyB_Session08,Event3,Object1,Object1,0.57,0.5155555555555555,within_object_cv,False
F5,MonkeyB_Session08,Event3,Object1,Object2,0.4,0.52,cross_object_holdout,True
F5,MonkeyB_Session08,Event3,Object1,Object3,0.6333333333333333,0.8,cross_object_holdout,True
F5,MonkeyB_Session08,Event3,Object2,Object1,0.5666666666666667,0.5644444444444444,cross_object_holdout,True
F5,MonkeyB_Session08,Event3,Object2,Object2,0.5933333333333334,0.6155555555555555,within_object_cv,False
F5,MonkeyB_Session08,Event3,Object2,Object3,0.5666666666666667,0.49777777777777776,cross_object_holdout,True
F5,MonkeyB_Session08,Event3,Object3,Object1,0.6,0.6044444444444445,cross_object_holdout,True
F5,MonkeyB_Session08,Event3,Object3,Object2,0.4666666666666667,0.4,cross_object_holdout,True
F5,MonkeyB_Session08,Event3,Object3,Object3,0.6933333333333332,0.7222222222222221,within_object_cv,False
F5,MonkeyB_Session10,Event1,Object1,Object1,0.5419999999999999,0.5844444444444444,within_object_cv,False
F5,MonkeyB_Session10,Event1,Object1,Object2,0.5,0.5282051282051282,cross_object_holdout,True
F5,MonkeyB_Session10,Event1,Object1,Object3,0.6,0.6844444444444444,cross_object_holdout,True
F5,MonkeyB_Session10,Event1,Object2,Object1,0.5172413793103449,0.5380952380952381,cross_object_holdout,True
F5,MonkeyB_Session10,Event1,Object2,Object2,0.3493333333333333,0.2833333333333334,within_object_cv,False
F5,MonkeyB_Session10,Event1,Object2,Object3,0.4666666666666667,0.5022222222222221,cross_object_holdout,True
F5,MonkeyB_Session10,Event1,Object3,Object1,0.5862068965517241,0.7047619047619048,cross_object_holdout,True
F5,MonkeyB_Session10,Event1,Object3,Object2,0.4642857142857143,0.4923076923076923,cross_object_holdout,True
F5,MonkeyB_Session10,Event1,Object3,Object3,0.5333333333333333,0.4600000000000001,within_object_cv,False
F5,MonkeyB_Session10,Event3,Object1,Object1,0.616,0.7255555555555554,within_object_cv,False
F5,MonkeyB_Session10,Event3,Object1,Object2,0.7857142857142857,0.7897435897435897,cross_object_holdout,True
F5,MonkeyB_Session10,Event3,Object1,Object3,0.8,0.7911111111111111,cross_object_holdout,True
F5,MonkeyB_Session10,Event3,Object2,Object1,0.6896551724137931,0.719047619047619,cross_object_holdout,True
F5,MonkeyB_Session10,Event3,Object2,Object2,0.7879999999999998,0.87,within_object_cv,False
F5,MonkeyB_Session10,Event3,Object2,Object3,0.6333333333333333,0.72,cross_object_holdout,True
F5,MonkeyB_Session10,Event3,Object3,Object1,0.7241379310344828,0.8809523809523809,cross_object_holdout,True
F5,MonkeyB_Session10,Event3,Object3,Object2,0.7857142857142857,0.8153846153846154,cross_object_holdout,True
F5,MonkeyB_Session10,Event3,Object3,Object3,0.6333333333333333,0.617777777777778,within_object_cv,False
F5,MonkeyB_Session11,Event1,Object1,Object1,0.6333333333333333,0.7088888888888889,within_object_cv,False
F5,MonkeyB_Session11,Event1,Object1,Object2,0.5666666666666667,0.6266666666666667,cross_object_holdout,True
F5,MonkeyB_Session11,Event1,Object1,Object3,0.4666666666666667,0.3688888888888889,cross_object_holdout,True
F5,MonkeyB_Session11,Event1,Object2,Object1,0.6896551724137931,0.661904761904762,cross_object_holdout,True
F5,MonkeyB_Session11,Event1,Object2,Object2,0.56,0.5733333333333334,within_object_cv,False
F5,MonkeyB_Session11,Event1,Object2,Object3,0.5,0.36444444444444446,cross_object_holdout,True
F5,MonkeyB_Session11,Event1,Object3,Object1,0.4482758620689655,0.30952380952380953,cross_object_holdout,True
F5,MonkeyB_Session11,Event1,Object3,Object2,0.4,0.3688888888888889,cross_object_holdout,True
F5,MonkeyB_Session11,Event1,Object3,Object3,0.62,0.6355555555555555,within_object_cv,False
F5,MonkeyB_Session11,Event3,Object1,Object1,0.8046666666666665,0.9111111111111111,within_object_cv,False
F5,MonkeyB_Session11,Event3,Object1,Object2,0.8,0.88,cross_object_holdout,True
F5,MonkeyB_Session11,Event3,Object1,Object3,0.7333333333333333,0.8222222222222222,cross_object_holdout,True
F5,MonkeyB_Session11,Event3,Object2,Object1,0.7586206896551724,0.9142857142857143,cross_object_holdout,True
F5,MonkeyB_Session11,Event3,Object2,Object2,0.8866666666666667,0.9266666666666667,within_object_cv,False
F5,MonkeyB_Session11,Event3,Object2,Object3,0.7,0.84,cross_object_holdout,True
F5,MonkeyB_Session11,Event3,Object3,Object1,0.6896551724137931,0.9142857142857143,cross_object_holdout,True
F5,MonkeyB_Session11,Event3,Object3,Object2,0.8,0.9066666666666667,cross_object_holdout,True
F5,MonkeyB_Session11,Event3,Object3,Object3,0.68,0.757777777777778,within_object_cv,False
F5,MonkeyB_Session12,Event1,Object1,Object1,0.5366666666666666,0.5555555555555557,within_object_cv,False
F5,MonkeyB_Session12,Event1,Object1,Object2,0.6,0.5155555555555555,cross_object_holdout,True
F5,MonkeyB_Session12,Event1,Object1,Object3,0.7,0.6266666666666667,cross_object_holdout,True
F5,MonkeyB_Session12,Event1,Object2,Object1,0.43333333333333335,0.4666666666666667,cross_object_holdout,True
F5,MonkeyB_Session12,Event1,Object2,Object2,0.5333333333333333,0.52,within_object_cv,False
F5,MonkeyB_Session12,Event1,Object2,Object3,0.4,0.3688888888888889,cross_object_holdout,True
F5,MonkeyB_Session12,Event1,Object3,Object1,0.5333333333333333,0.6577777777777778,cross_object_holdout,True
F5,MonkeyB_Session12,Event1,Object3,Object2,0.4666666666666667,0.33777777777777773,cross_object_holdout,True
F5,MonkeyB_Session12,Event1,Object3,Object3,0.5433333333333333,0.5177777777777778,within_object_cv,False
F5,MonkeyB_Session12,Event3,Object1,Object1,0.8266666666666665,0.9177777777777778,within_object_cv,False
F5,MonkeyB_Session12,Event3,Object1,Object2,0.7666666666666667,0.8266666666666667,cross_object_holdout,True
F5,MonkeyB_Session12,Event3,Object1,Object3,0.8,0.8933333333333333,cross_object_holdout,True
F5,MonkeyB_Session12,Event3,Object2,Object1,0.8,0.92,cross_object_holdout,True
F5,MonkeyB_Session12,Event3,Object2,Object2,0.6800000000000002,0.7733333333333333,within_object_cv,False
F5,MonkeyB_Session12,Event3,Object2,Object3,0.7666666666666667,0.8666666666666667,cross_object_holdout,True
F5,MonkeyB_Session12,Event3,Object3,Object1,0.8666666666666667,0.9733333333333334,cross_object_holdout,True
F5,MonkeyB_Session12,Event3,Object3,Object2,0.7333333333333333,0.8222222222222223,cross_object_holdout,True
F5,MonkeyB_Session12,Event3,Object3,Object3,0.7866666666666668,0.8311111111111111,within_object_cv,False
F5,MonkeyC_Session02,Event1,Object1,Object1,0.44666666666666666,0.4177777777777778,within_object_cv,False
F5,MonkeyC_Session02,Event1,Object1,Object2,0.5,0.5688888888888889,cross_object_holdout,True
F5,MonkeyC_Session02,Event1,Object1,Object3,0.5,0.6311111111111111,cross_object_holdout,True
F5,MonkeyC_Session02,Event1,Object2,Object1,0.5862068965517241,0.6238095238095238,cross_object_holdout,True
F5,MonkeyC_Session02,Event1,Object2,Object2,0.4066666666666666,0.39777777777777784,within_object_cv,False
F5,MonkeyC_Session02,Event1,Object2,Object3,0.5333333333333333,0.64,cross_object_holdout,True
F5,MonkeyC_Session02,Event1,Object3,Object1,0.5862068965517241,0.6142857142857143,cross_object_holdout,True
F5,MonkeyC_Session02,Event1,Object3,Object2,0.4666666666666667,0.56,cross_object_holdout,True
F5,MonkeyC_Session02,Event1,Object3,Object3,0.48999999999999994,0.5466666666666666,within_object_cv,False
F5,MonkeyC_Session02,Event3,Object1,Object1,0.5046666666666667,0.49111111111111116,within_object_cv,False
F5,MonkeyC_Session02,Event3,Object1,Object2,0.6,0.6622222222222223,cross_object_holdout,True
F5,MonkeyC_Session02,Event3,Object1,Object3,0.5,0.5688888888888889,cross_object_holdout,True
F5,MonkeyC_Session02,Event3,Object2,Object1,0.6206896551724138,0.6,cross_object_holdout,True
F5,MonkeyC_Session02,Event3,Object2,Object2,0.5900000000000001,0.6088888888888889,within_object_cv,False
F5,MonkeyC_Session02,Event3,Object2,Object3,0.5666666666666667,0.6666666666666666,cross_object_holdout,True
F5,MonkeyC_Session02,Event3,Object3,Object1,0.5862068965517241,0.5476190476190477,cross_object_holdout,True
F5,MonkeyC_Session02,Event3,Object3,Object2,0.5333333333333333,0.5644444444444444,cross_object_holdout,True
F5,MonkeyC_Session02,Event3,Object3,Object3,0.5133333333333333,0.5755555555555556,within_object_cv,False
F5,MonkeyC_Session06,Event1,Object1,Object1,0.44,0.4633333333333334,within_object_cv,False
F5,MonkeyC_Session06,Event1,Object1,Object2,0.42857142857142855,0.41000000000000003,cross_object_holdout,True
F5,MonkeyC_Session06,Event1,Object1,Object3,0.5714285714285714,0.6599999999999999,cross_object_holdout,True
F5,MonkeyC_Session06,Event1,Object2,Object1,0.42857142857142855,0.38999999999999996,cross_object_holdout,True
F5,MonkeyC_Session06,Event1,Object2,Object2,0.6428571428571428,0.6549999999999998,within_object_cv,False
F5,MonkeyC_Session06,Event1,Object2,Object3,0.42857142857142855,0.37,cross_object_holdout,True
F5,MonkeyC_Session06,Event1,Object3,Object1,0.6285714285714286,0.64,cross_object_holdout,True
F5,MonkeyC_Session06,Event1,Object3,Object2,0.45714285714285713,0.41000000000000003,cross_object_holdout,True
F5,MonkeyC_Session06,Event1,Object3,Object3,0.46285714285714286,0.4333333333333333,within_object_cv,False
F5,MonkeyC_Session06,Event3,Object1,Object1,0.6571428571428573,0.645,within_object_cv,False
F5,MonkeyC_Session06,Event3,Object1,Object2,0.7714285714285715,0.87,cross_object_holdout,True
F5,MonkeyC_Session06,Event3,Object1,Object3,0.5428571428571428,0.58,cross_object_holdout,True
F5,MonkeyC_Session06,Event3,Object2,Object1,0.6857142857142857,0.7633333333333332,cross_object_holdout,True
F5,MonkeyC_Session06,Event3,Object2,Object2,0.6485714285714286,0.6666666666666667,within_object_cv,False
F5,MonkeyC_Session06,Event3,Object2,Object3,0.5714285714285714,0.55,cross_object_holdout,True
F5,MonkeyC_Session06,Event3,Object3,Object1,0.5714285714285714,0.6566666666666666,cross_object_holdout,True
F5,MonkeyC_Session06,Event3,Object3,Object2,0.6285714285714286,0.6166666666666667,cross_object_holdout,True
F5,MonkeyC_Session06,Event3,Object3,Object3,0.5742857142857143,0.5766666666666667,within_object_cv,False
F5,MonkeyC_Session08,Event1,Object1,Object1,0.48,0.4416666666666667,within_object_cv,False
F5,MonkeyC_Session08,Event1,Object1,Object2,0.4857142857142857,0.47000000000000003,cross_object_holdout,True
F5,MonkeyC_Session08,Event1,Object1,Object3,0.5714285714285714,0.47000000000000003,cross_object_holdout,True
F5,MonkeyC_Session08,Event1,Object2,Object1,0.5428571428571428,0.47000000000000003,cross_object_holdout,True
F5,MonkeyC_Session08,Event1,Object2,Object2,0.5485714285714285,0.555,within_object_cv,False
F5,MonkeyC_Session08,Event1,Object2,Object3,0.4857142857142857,0.45999999999999996,cross_object_holdout,True
F5,MonkeyC_Session08,Event1,Object3,Object1,0.5428571428571428,0.56,cross_object_holdout,True
F5,MonkeyC_Session08,Event1,Object3,Object2,0.45714285714285713,0.3666666666666667,cross_object_holdout,True
F5,MonkeyC_Session08,Event1,Object3,Object3,0.3857142857142858,0.28500000000000003,within_object_cv,False
F5,MonkeyC_Session08,Event3,Object1,Object1,0.7942857142857145,0.8316666666666667,within_object_cv,False
F5,MonkeyC_Session08,Event3,Object1,Object2,0.6285714285714286,0.68,cross_object_holdout,True
F5,MonkeyC_Session08,Event3,Object1,Object3,0.8,0.8933333333333333,cross_object_holdout,True
F5,MonkeyC_Session08,Event3,Object2,Object1,0.7428571428571429,0.74,cross_object_holdout,True
F5,MonkeyC_Session08,Event3,Object2,Object2,0.6628571428571428,0.6683333333333334,within_object_cv,False
F5,MonkeyC_Session08,Event3,Object2,Object3,0.7428571428571429,0.76,cross_object_holdout,True
F5,MonkeyC_Session08,Event3,Object3,Object1,0.7428571428571429,0.8400000000000001,cross_object_holdout,True
F5,MonkeyC_Session08,Event3,Object3,Object2,0.6571428571428571,0.6799999999999999,cross_object_holdout,True
F5,MonkeyC_Session08,Event3,Object3,Object3,0.7400000000000001,0.8666666666666668,within_object_cv,False
F5,MonkeyC_Session09,Event1,Object1,Object1,0.4266666666666667,0.41333333333333333,within_object_cv,False
F5,MonkeyC_Session09,Event1,Object1,Object2,0.43333333333333335,0.41333333333333333,cross_object_holdout,True
F5,MonkeyC_Session09,Event1,Object1,Object3,0.43333333333333335,0.4222222222222222,cross_object_holdout,True
F5,MonkeyC_Session09,Event1,Object2,Object1,0.4,0.47111111111111115,cross_object_holdout,True
F5,MonkeyC_Session09,Event1,Object2,Object2,0.58,0.6777777777777777,within_object_cv,False
F5,MonkeyC_Session09,Event1,Object2,Object3,0.43333333333333335,0.48,cross_object_holdout,True
F5,MonkeyC_Session09,Event1,Object3,Object1,0.43333333333333335,0.4444444444444444,cross_object_holdout,True
F5,MonkeyC_Session09,Event1,Object3,Object2,0.43333333333333335,0.4711111111111111,cross_object_holdout,True
F5,MonkeyC_Session09,Event1,Object3,Object3,0.5633333333333332,0.5377777777777778,within_object_cv,False
F5,MonkeyC_Session09,Event3,Object1,Object1,0.61,0.6688888888888889,within_object_cv,False
F5,MonkeyC_Session09,Event3,Object1,Object2,0.7,0.7377777777777779,cross_object_holdout,True
F5,MonkeyC_Session09,Event3,Object1,Object3,0.5333333333333333,0.6488888888888888,cross_object_holdout,True
F5,MonkeyC_Session09,Event3,Object2,Object1,0.6666666666666666,0.7288888888888889,cross_object_holdout,True
F5,MonkeyC_Session09,Event3,Object2,Object2,0.6833333333333332,0.76,within_object_cv,False
F5,MonkeyC_Session09,Event3,Object2,Object3,0.5333333333333333,0.7066666666666667,cross_object_holdout,True
F5,MonkeyC_Session09,Event3,Object3,Object1,0.6666666666666666,0.7422222222222222,cross_object_holdout,True
F5,MonkeyC_Session09,Event3,Object3,Object2,0.6666666666666666,0.6622222222222223,cross_object_holdout,True
F5,MonkeyC_Session09,Event3,Object3,Object3,0.4966666666666666,0.5444444444444444,within_object_cv,False
F5,MonkeyC_Session10,Event1,Object1,Object1,0.3666666666666667,0.3266666666666667,within_object_cv,False
F5,MonkeyC_Session10,Event1,Object1,Object2,0.4666666666666667,0.5066666666666667,cross_object_holdout,True
F5,MonkeyC_Session10,Event1,Object1,Object3,0.5333333333333333,0.5555555555555555,cross_object_holdout,True
F5,MonkeyC_Session10,Event1,Object2,Object1,0.4666666666666667,0.4222222222222222,cross_object_holdout,True
F5,MonkeyC_Session10,Event1,Object2,Object2,0.48999999999999994,0.4511111111111111,within_object_cv,False
F5,MonkeyC_Session10,Event1,Object2,Object3,0.5333333333333333,0.6533333333333333,cross_object_holdout,True
F5,MonkeyC_Session10,Event1,Object3,Object1,0.4666666666666667,0.49777777777777776,cross_object_holdout,True
F5,MonkeyC_Session10,Event1,Object3,Object2,0.5,0.5022222222222221,cross_object_holdout,True
F5,MonkeyC_Session10,Event1,Object3,Object3,0.6866666666666668,0.7622222222222221,within_object_cv,False
F5,MonkeyC_Session10,Event3,Object1,Object1,0.5366666666666666,0.5244444444444446,within_object_cv,False
F5,MonkeyC_Session10,Event3,Object1,Object2,0.43333333333333335,0.42666666666666664,cross_object_holdout,True
F5,MonkeyC_Session10,Event3,Object1,Object3,0.5666666666666667,0.5422222222222222,cross_object_holdout,True
F5,MonkeyC_Session10,Event3,Object2,Object1,0.5,0.5244444444444445,cross_object_holdout,True
F5,MonkeyC_Session10,Event3,Object2,Object2,0.5199999999999999,0.5288888888888889,within_object_cv,False
F5,MonkeyC_Session10,Event3,Object2,Object3,0.6,0.6355555555555555,cross_object_holdout,True
F5,MonkeyC_Session10,Event3,Object3,Object1,0.6333333333333333,0.76,cross_object_holdout,True
F5,MonkeyC_Session10,Event3,Object3,Object2,0.5,0.5333333333333333,cross_object_holdout,True
F5,MonkeyC_Session10,Event3,Object3,Object3,0.3766666666666667,0.33111111111111113,within_object_cv,False
F5,MonkeyC_Session11,Event1,Object1,Object1,0.5666666666666668,0.6155555555555556,within_object_cv,False
F5,MonkeyC_Session11,Event1,Object1,Object2,0.3,0.24000000000000002,cross_object_holdout,True
F5,MonkeyC_Session11,Event1,Object1,Object3,0.4666666666666667,0.39999999999999997,cross_object_holdout,True
F5,MonkeyC_Session11,Event1,Object2,Object1,0.5333333333333333,0.38222222222222224,cross_object_holdout,True
F5,MonkeyC_Session11,Event1,Object2,Object2,0.7066666666666666,0.7844444444444444,within_object_cv,False
F5,MonkeyC_Session11,Event1,Object2,Object3,0.5333333333333333,0.5111111111111111,cross_object_holdout,True
F5,MonkeyC_Session11,Event1,Object3,Object1,0.4,0.38222222222222224,cross_object_holdout,True
F5,MonkeyC_Session11,Event1,Object3,Object2,0.7,0.6133333333333333,cross_object_holdout,True
F5,MonkeyC_Session11,Event1,Object3,Object3,0.5833333333333334,0.6155555555555556,within_object_cv,False
F5,MonkeyC_Session11,Event3,Object1,Object1,0.4733333333333333,0.4777777777777778,within_object_cv,False
F5,MonkeyC_Session11,Event3,Object1,Object2,0.6666666666666666,0.6888888888888889,cross_object_holdout,True
F5,MonkeyC_Session11,Event3,Object1,Object3,0.5666666666666667,0.5644444444444444,cross_object_holdout,True
F5,MonkeyC_Session11,Event3,Object2,Object1,0.5,0.5333333333333333,cross_object_holdout,True
F5,MonkeyC_Session11,Event3,Object2,Object2,0.6499999999999999,0.7266666666666666,within_object_cv,False
F5,MonkeyC_Session11,Event3,Object2,Object3,0.5,0.5111111111111111,cross_object_holdout,True
F5,MonkeyC_Session11,Event3,Object3,Object1,0.6333333333333333,0.5911111111111111,cross_object_holdout,True
F5,MonkeyC_Session11,Event3,Object3,Object2,0.43333333333333335,0.39111111111111113,cross_object_holdout,True
F5,MonkeyC_Session11,Event3,Object3,Object3,0.4966666666666667,0.4711111111111111,within_object_cv,False
F5,MonkeyC_Session12,Event1,Object1,Object1,0.6099999999999999,0.5844444444444445,within_object_cv,False
F5,MonkeyC_Session12,Event1,Object1,Object2,0.6,0.6533333333333333,cross_object_holdout,True
F5,MonkeyC_Session12,Event1,Object1,Object3,0.5666666666666667,0.5955555555555556,cross_object_holdout,True
F5,MonkeyC_Session12,Event1,Object2,Object1,0.4666666666666667,0.5333333333333334,cross_object_holdout,True
F5,MonkeyC_Session12,Event1,Object2,Object2,0.52,0.6266666666666667,within_object_cv,False
F5,MonkeyC_Session12,Event1,Object2,Object3,0.5333333333333333,0.5244444444444444,cross_object_holdout,True
F5,MonkeyC_Session12,Event1,Object3,Object1,0.5,0.5955555555555556,cross_object_holdout,True
F5,MonkeyC_Session12,Event1,Object3,Object2,0.4666666666666667,0.4666666666666667,cross_object_holdout,True
F5,MonkeyC_Session12,Event1,Object3,Object3,0.6,0.5955555555555556,within_object_cv,False
F5,MonkeyC_Session12,Event3,Object1,Object1,0.38666666666666655,0.37111111111111117,within_object_cv,False
F5,MonkeyC_Session12,Event3,Object1,Object2,0.5333333333333333,0.5777777777777777,cross_object_holdout,True
F5,MonkeyC_Session12,Event3,Object1,Object3,0.6666666666666666,0.6222222222222221,cross_object_holdout,True
F5,MonkeyC_Session12,Event3,Object2,Object1,0.4666666666666667,0.52,cross_object_holdout,True
F5,MonkeyC_Session12,Event3,Object2,Object2,0.58,0.6644444444444444,within_object_cv,False
F5,MonkeyC_Session12,Event3,Object2,Object3,0.6,0.5644444444444445,cross_object_holdout,True
F5,MonkeyC_Session12,Event3,Object3,Object1,0.5333333333333333,0.6177777777777778,cross_object_holdout,True
F5,MonkeyC_Session12,Event3,Object3,Object2,0.6,0.6577777777777778,cross_object_holdout,True
F5,MonkeyC_Session12,Event3,Object3,Object3,0.38666666666666666,0.3311111111111111,within_object_cv,False
F6,MonkeyB_Session01,Event1,Object1,Object1,0.6979999999999998,0.74,within_object_cv,False
F6,MonkeyB_Session01,Event1,Object1,Object2,0.4583333333333333,0.5416666666666666,cross_object_holdout,True
F6,MonkeyB_Session01,Event1,Object1,Object3,0.5416666666666666,0.6875,cross_object_holdout,True
F6,MonkeyB_Session01,Event1,Object2,Object1,0.7083333333333334,0.7083333333333334,cross_object_holdout,True
F6,MonkeyB_Session01,Event1,Object2,Object2,0.531,0.625,within_object_cv,False
F6,MonkeyB_Session01,Event1,Object2,Object3,0.6666666666666666,0.6388888888888888,cross_object_holdout,True
F6,MonkeyB_Session01,Event1,Object3,Object1,0.625,0.7291666666666666,cross_object_holdout,True
F6,MonkeyB_Session01,Event1,Object3,Object2,0.625,0.7152777777777778,cross_object_holdout,True
F6,MonkeyB_Session01,Event1,Object3,Object3,0.5870000000000001,0.595,within_object_cv,False
F6,MonkeyB_Session01,Event3,Object1,Object1,0.691,0.7833333333333334,within_object_cv,False
F6,MonkeyB_Session01,Event3,Object1,Object2,0.7083333333333334,0.8125,cross_object_holdout,True
F6,MonkeyB_Session01,Event3,Object1,Object3,0.75,0.875,cross_object_holdout,True
F6,MonkeyB_Session01,Event3,Object2,Object1,0.7916666666666666,0.8194444444444444,cross_object_holdout,True
F6,MonkeyB_Session01,Event3,Object2,Object2,0.7989999999999999,0.8766666666666666,within_object_cv,False
F6,MonkeyB_Session01,Event3,Object2,Object3,0.6666666666666666,0.8402777777777778,cross_object_holdout,True
F6,MonkeyB_Session01,Event3,Object3,Object1,0.9166666666666666,0.8888888888888888,cross_object_holdout,True
F6,MonkeyB_Session01,Event3,Object3,Object2,0.6666666666666666,0.7708333333333333,cross_object_holdout,True
F6,MonkeyB_Session01,Event3,Object3,Object3,0.887,0.945,within_object_cv,False
F6,MonkeyB_Session02,Event1,Object1,Object1,0.539,0.5616666666666666,within_object_cv,False
F6,MonkeyB_Session02,Event1,Object1,Object2,0.5,0.5486111111111112,cross_object_holdout,True
F6,MonkeyB_Session02,Event1,Object1,Object3,0.5416666666666666,0.5763888888888888,cross_object_holdout,True
F6,MonkeyB_Session02,Event1,Object2,Object1,0.6666666666666666,0.6805555555555556,cross_object_holdout,True
F6,MonkeyB_Session02,Event1,Object2,Object2,0.5230000000000001,0.45833333333333337,within_object_cv,False
F6,MonkeyB_Session02,Event1,Object2,Object3,0.3333333333333333,0.3333333333333333,cross_object_holdout,True
F6,MonkeyB_Session02,Event1,Object3,Object1,0.5,0.5555555555555556,cross_object_holdout,True
F6,MonkeyB_Session02,Event1,Object3,Object2,0.4583333333333333,0.375,cross_object_holdout,True
F6,MonkeyB_Session02,Event1,Object3,Object3,0.58,0.5850000000000001,within_object_cv,False
F6,MonkeyB_Session02,Event3,Object1,Object1,0.548,0.6183333333333334,within_object_cv,False
F6,MonkeyB_Session02,Event3,Object1,Object2,0.5833333333333334,0.6319444444444444,cross_object_holdout,True
F6,MonkeyB_Session02,Event3,Object1,Object3,0.5416666666666666,0.5208333333333334,cross_object_holdout,True
F6,MonkeyB_Session02,Event3,Object2,Object1,0.7083333333333334,0.7430555555555556,cross_object_holdout,True
F6,MonkeyB_Session02,Event3,Object2,Object2,0.574,0.595,within_object_cv,False
F6,MonkeyB_Session02,Event3,Object2,Object3,0.5833333333333334,0.6388888888888888,cross_object_holdout,True
F6,MonkeyB_Session02,Event3,Object3,Object1,0.4583333333333333,0.4722222222222222,cross_object_holdout,True
F6,MonkeyB_Session02,Event3,Object3,Object2,0.5,0.5486111111111112,cross_object_holdout,True
F6,MonkeyB_Session02,Event3,Object3,Object3,0.532,0.5783333333333334,within_object_cv,False
F6,MonkeyB_Session03,Event1,Object1,Object1,0.29000000000000004,0.17333333333333337,within_object_cv,False
F6,MonkeyB_Session03,Event1,Object1,Object2,0.5,0.4791666666666667,cross_object_holdout,True
F6,MonkeyB_Session03,Event1,Object1,Object3,0.4583333333333333,0.47916666666666663,cross_object_holdout,True
F6,MonkeyB_Session03,Event1,Object2,Object1,0.5,0.4583333333333333,cross_object_holdout,True
F6,MonkeyB_Session03,Event1,Object2,Object2,0.512,0.4966666666666667,within_object_cv,False
F6,MonkeyB_Session03,Event1,Object2,Object3,0.5833333333333334,0.6458333333333333,cross_object_holdout,True
F6,MonkeyB_Session03,Event1,Object3,Object1,0.5416666666666666,0.5069444444444444,cross_object_holdout,True
F6,MonkeyB_Session03,Event1,Object3,Object2,0.375,0.49999999999999994,cross_object_holdout,True
F6,MonkeyB_Session03,Event1,Object3,Object3,0.553,0.5983333333333334,within_object_cv,False
F6,MonkeyB_Session03,Event3,Object1,Object1,0.708,0.77,within_object_cv,False
F6,MonkeyB_Session03,Event3,Object1,Object2,0.4583333333333333,0.4722222222222222,cross_object_holdout,True
F6,MonkeyB_Session03,Event3,Object1,Object3,0.6666666666666666,0.701388888888889,cross_object_holdout,True
F6,MonkeyB_Session03,Event3,Object2,Object1,0.5,0.5555555555555556,cross_object_holdout,True
F6,MonkeyB_Session03,Event3,Object2,Object2,0.523,0.5449999999999999,within_object_cv,False
F6,MonkeyB_Session03,Event3,Object2,Object3,0.75,0.8472222222222221,cross_object_holdout,True
F6,MonkeyB_Session03,Event3,Object3,Object1,0.5833333333333334,0.6944444444444444,cross_object_holdout,True
F6,MonkeyB_Session03,Event3,Object3,Object2,0.7083333333333334,0.6875,cross_object_holdout,True
F6,MonkeyB_Session03,Event3,Object3,Object3,0.6419999999999999,0.7000000000000002,within_object_cv,False
F6,MonkeyB_Session04,Event1,Object1,Object1,0.6409999999999999,0.6666666666666665,within_object_cv,False
F6,MonkeyB_Session04,Event1,Object1,Object2,0.5,0.4930555555555556,cross_object_holdout,True
F6,MonkeyB_Session04,Event1,Object1,Object3,0.5,0.5694444444444445,cross_object_holdout,True
F6,MonkeyB_Session04,Event1,Object2,Object1,0.5833333333333334,0.5138888888888888,cross_object_holdout,True
F6,MonkeyB_Session04,Event1,Object2,Object2,0.457,0.4366666666666667,within_object_cv,False
F6,MonkeyB_Session04,Event1,Object2,Object3,0.5,0.3680555555555556,cross_object_holdout,True
F6,MonkeyB_Session04,Event1,Object3,Object1,0.5833333333333334,0.6458333333333334,cross_object_holdout,True
F6,MonkeyB_Session04,Event1,Object3,Object2,0.4583333333333333,0.5069444444444444,cross_object_holdout,True
F6,MonkeyB_Session04,Event1,Object3,Object3,0.5529999999999999,0.5233333333333333,within_object_cv,False
F6,MonkeyB_Session04,Event3,Object1,Object1,0.637,0.665,within_object_cv,False
F6,MonkeyB_Session04,Event3,Object1,Object2,0.625,0.6458333333333334,cross_object_holdout,True
F6,MonkeyB_Session04,Event3,Object1,Object3,0.6666666666666666,0.7430555555555556,cross_object_holdout,True
F6,MonkeyB_Session04,Event3,Object2,Object1,0.5416666666666666,0.7083333333333334,cross_object_holdout,True
F6,MonkeyB_Session04,Event3,Object2,Object2,0.5479999999999999,0.6033333333333334,within_object_cv,False
F6,MonkeyB_Session04,Event3,Object2,Object3,0.8333333333333334,0.8680555555555556,cross_object_holdout,True
F6,MonkeyB_Session04,Event3,Object3,Object1,0.5833333333333334,0.701388888888889,cross_object_holdout,True
F6,MonkeyB_Session04,Event3,Object3,Object2,0.6666666666666666,0.8125,cross_object_holdout,True
F6,MonkeyB_Session04,Event3,Object3,Object3,0.688,0.7216666666666667,within_object_cv,False
F6,MonkeyB_Session05,Event1,Object1,Object1,0.612,0.6933333333333332,within_object_cv,False
F6,MonkeyB_Session05,Event1,Object1,Object2,0.5,0.5138888888888888,cross_object_holdout,True
F6,MonkeyB_Session05,Event1,Object1,Object3,0.5,0.5,cross_object_holdout,True
F6,MonkeyB_Session05,Event1,Object2,Object1,0.5833333333333334,0.625,cross_object_holdout,True
F6,MonkeyB_Session05,Event1,Object2,Object2,0.514,0.5566666666666668,within_object_cv,False
F6,MonkeyB_Session05,Event1,Object2,Object3,0.4166666666666667,0.3472222222222223,cross_object_holdout,True
F6,MonkeyB_Session05,Event1,Object3,Object1,0.4583333333333333,0.5486111111111112,cross_object_holdout,True
F6,MonkeyB_Session05,Event1,Object3,Object2,0.5,0.5069444444444445,cross_object_holdout,True
F6,MonkeyB_Session05,Event1,Object3,Object3,0.649,0.7033333333333333,within_object_cv,False
F6,MonkeyB_Session05,Event3,Object1,Object1,0.7360000000000001,0.8333333333333333,within_object_cv,False
F6,MonkeyB_Session05,Event3,Object1,Object2,0.6666666666666666,0.7777777777777778,cross_object_holdout,True
F6,MonkeyB_Session05,Event3,Object1,Object3,0.6666666666666666,0.8125,cross_object_holdout,True
F6,MonkeyB_Session05,Event3,Object2,Object1,0.7916666666666666,0.875,cross_object_holdout,True
F6,MonkeyB_Session05,Event3,Object2,Object2,0.675,0.7466666666666666,within_object_cv,False
F6,MonkeyB_Session05,Event3,Object2,Object3,0.625,0.7222222222222222,cross_object_holdout,True
F6,MonkeyB_Session05,Event3,Object3,Object1,0.75,0.9027777777777778,cross_object_holdout,True
F6,MonkeyB_Session05,Event3,Object3,Object2,0.5833333333333334,0.7361111111111112,cross_object_holdout,True
F6,MonkeyB_Session05,Event3,Object3,Object3,0.679,0.8016666666666667,within_object_cv,False
F6,MonkeyB_Session06,Event1,Object1,Object1,0.488,0.4733333333333333,within_object_cv,False
F6,MonkeyB_Session06,Event1,Object1,Object2,0.375,0.3819444444444444,cross_object_holdout,True
F6,MonkeyB_Session06,Event1,Object1,Object3,0.5416666666666666,0.45833333333333326,cross_object_holdout,True
F6,MonkeyB_Session06,Event1,Object2,Object1,0.4166666666666667,0.3958333333333333,cross_object_holdout,True
F6,MonkeyB_Session06,Event1,Object2,Object2,0.518,0.4799999999999999,within_object_cv,False
F6,MonkeyB_Session06,Event1,Object2,Object3,0.5,0.5833333333333333,cross_object_holdout,True
F6,MonkeyB_Session06,Event1,Object3,Object1,0.5833333333333334,0.5208333333333333,cross_object_holdout,True
F6,MonkeyB_Session06,Event1,Object3,Object2,0.5416666666666666,0.5902777777777778,cross_object_holdout,True
F6,MonkeyB_Session06,Event1,Object3,Object3,0.479,0.41666666666666674,within_object_cv,False
F6,MonkeyB_Session06,Event3,Object1,Object1,0.535,0.5816666666666667,within_object_cv,False
F6,MonkeyB_Session06,Event3,Object1,Object2,0.4583333333333333,0.4305555555555556,cross_object_holdout,True
F6,MonkeyB_Session06,Event3,Object1,Object3,0.4583333333333333,0.5138888888888888,cross_object_holdout,True
F6,MonkeyB_Session06,Event3,Object2,Object1,0.625,0.6319444444444445,cross_object_holdout,True
F6,MonkeyB_Session06,Event3,Object2,Object2,0.5010000000000001,0.64,within_object_cv,False
F6,MonkeyB_Session06,Event3,Object2,Object3,0.4166666666666667,0.5208333333333333,cross_object_holdout,True
F6,MonkeyB_Session06,Event3,Object3,Object1,0.5833333333333334,0.5416666666666666,cross_object_holdout,True
F6,MonkeyB_Session06,Event3,Object3,Object2,0.5,0.6458333333333334,cross_object_holdout,True
F6,MonkeyB_Session06,Event3,Object3,Object3,0.3889999999999999,0.385,within_object_cv,False
F6,MonkeyB_Session09,Event1,Object1,Object1,0.561,0.5866666666666667,within_object_cv,False
F6,MonkeyB_Session09,Event1,Object1,Object2,0.375,0.3611111111111111,cross_object_holdout,True
F6,MonkeyB_Session09,Event1,Object1,Object3,0.2916666666666667,0.2777777777777778,cross_object_holdout,True
F6,MonkeyB_Session09,Event1,Object2,Object1,0.5833333333333334,0.5,cross_object_holdout,True
F6,MonkeyB_Session09,Event1,Object2,Object2,0.542,0.6083333333333333,within_object_cv,False
F6,MonkeyB_Session09,Event1,Object2,Object3,0.7083333333333334,0.7916666666666666,cross_object_holdout,True
F6,MonkeyB_Session09,Event1,Object3,Object1,0.5416666666666666,0.5,cross_object_holdout,True
F6,MonkeyB_Session09,Event1,Object3,Object2,0.7083333333333334,0.7291666666666666,cross_object_holdout,True
F6,MonkeyB_Session09,Event1,Object3,Object3,0.657,0.705,within_object_cv,False
F6,MonkeyB_Session09,Event3,Object1,Object1,0.6190000000000001,0.7049999999999998,within_object_cv,False
F6,MonkeyB_Session09,Event3,Object1,Object2,0.7083333333333334,0.8680555555555556,cross_object_holdout,True
F6,MonkeyB_Session09,Event3,Object1,Object3,0.875,0.9444444444444444,cross_object_holdout,True
F6,MonkeyB_Session09,Event3,Object2,Object1,0.7083333333333334,0.7777777777777778,cross_object_holdout,True
F6,MonkeyB_Session09,Event3,Object2,Object2,0.7390000000000001,0.86,within_object_cv,False
F6,MonkeyB_Session09,Event3,Object2,Object3,0.875,0.9305555555555556,cross_object_holdout,True
F6,MonkeyB_Session09,Event3,Object3,Object1,0.6666666666666666,0.8055555555555556,cross_object_holdout,True
F6,MonkeyB_Session09,Event3,Object3,Object2,0.8333333333333334,0.9166666666666667,cross_object_holdout,True
F6,MonkeyB_Session09,Event3,Object3,Object3,0.855,0.915,within_object_cv,False
F6,MonkeyB_Session10,Event1,Object1,Object1,0.386,0.3,within_object_cv,False
F6,MonkeyB_Session10,Event1,Object1,Object2,0.6206896551724138,0.6190476190476191,cross_object_holdout,True
F6,MonkeyB_Session10,Event1,Object1,Object3,0.6551724137931034,0.6666666666666666,cross_object_holdout,True
F6,MonkeyB_Session10,Event1,Object2,Object1,0.43478260869565216,0.49242424242424243,cross_object_holdout,True
F6,MonkeyB_Session10,Event1,Object2,Object2,0.478,0.48333333333333345,within_object_cv,False
F6,MonkeyB_Session10,Event1,Object2,Object3,0.5862068965517241,0.6142857142857143,cross_object_holdout,True
F6,MonkeyB_Session10,Event1,Object3,Object1,0.4782608695652174,0.4166666666666667,cross_object_holdout,True
F6,MonkeyB_Session10,Event1,Object3,Object2,0.5862068965517241,0.5428571428571429,cross_object_holdout,True
F6,MonkeyB_Session10,Event1,Object3,Object3,0.5146666666666667,0.5722222222222223,within_object_cv,False
F6,MonkeyB_Session10,Event3,Object1,Object1,0.524,0.5366666666666667,within_object_cv,False
F6,MonkeyB_Session10,Event3,Object1,Object2,0.6206896551724138,0.6047619047619047,cross_object_holdout,True
F6,MonkeyB_Session10,Event3,Object1,Object3,0.6206896551724138,0.7333333333333334,cross_object_holdout,True
F6,MonkeyB_Session10,Event3,Object2,Object1,0.6086956521739131,0.6287878787878788,cross_object_holdout,True
F6,MonkeyB_Session10,Event3,Object2,Object2,0.6726666666666667,0.7566666666666667,within_object_cv,False
F6,MonkeyB_Session10,Event3,Object2,Object3,0.5862068965517241,0.6,cross_object_holdout,True
F6,MonkeyB_Session10,Event3,Object3,Object1,0.7391304347826086,0.8409090909090909,cross_object_holdout,True
F6,MonkeyB_Session10,Event3,Object3,Object2,0.6206896551724138,0.6,cross_object_holdout,True
F6,MonkeyB_Session10,Event3,Object3,Object3,0.6166666666666667,0.6322222222222222,within_object_cv,False
F6,MonkeyC_Session01,Event1,Object1,Object1,0.5720000000000001,0.6016666666666667,within_object_cv,False
F6,MonkeyC_Session01,Event1,Object1,Object2,0.4583333333333333,0.6111111111111112,cross_object_holdout,True
F6,MonkeyC_Session01,Event1,Object1,Object3,0.4583333333333333,0.5208333333333333,cross_object_holdout,True
F6,MonkeyC_Session01,Event1,Object2,Object1,0.5833333333333334,0.6944444444444444,cross_object_holdout,True
F6,MonkeyC_Session01,Event1,Object2,Object2,0.5950000000000001,0.6666666666666665,within_object_cv,False
F6,MonkeyC_Session01,Event1,Object2,Object3,0.5833333333333334,0.6041666666666666,cross_object_holdout,True
F6,MonkeyC_Session01,Event1,Object3,Object1,0.5416666666666666,0.5555555555555556,cross_object_holdout,True
F6,MonkeyC_Session01,Event1,Object3,Object2,0.6666666666666666,0.7152777777777778,cross_object_holdout,True
F6,MonkeyC_Session01,Event1,Object3,Object3,0.45299999999999996,0.4799999999999999,within_object_cv,False
F6,MonkeyC_Session01,Event3,Object1,Object1,0.415,0.4233333333333333,within_object_cv,False
F6,MonkeyC_Session01,Event3,Object1,Object2,0.2916666666666667,0.2222222222222222,cross_object_holdout,True
F6,MonkeyC_Session01,Event3,Object1,Object3,0.5833333333333334,0.6944444444444444,cross_object_holdout,True
F6,MonkeyC_Session01,Event3,Object2,Object1,0.4166666666666667,0.4236111111111111,cross_object_holdout,True
F6,MonkeyC_Session01,Event3,Object2,Object2,0.7529999999999998,0.8833333333333334,within_object_cv,False
F6,MonkeyC_Session01,Event3,Object2,Object3,0.5833333333333334,0.6180555555555555,cross_object_holdout,True
F6,MonkeyC_Session01,Event3,Object3,Object1,0.5416666666666666,0.6180555555555557,cross_object_holdout,True
F6,MonkeyC_Session01,Event3,Object3,Object2,0.625,0.6666666666666667,cross_object_holdout,True
F6,MonkeyC_Session01,Event3,Object3,Object3,0.561,0.6366666666666667,within_object_cv,False
F6,MonkeyC_Session02,Event1,Object1,Object1,0.7360000000000001,0.8700000000000001,within_object_cv,False
F6,MonkeyC_Session02,Event1,Object1,Object2,0.5416666666666666,0.5555555555555556,cross_object_holdout,True
F6,MonkeyC_Session02,Event1,Object1,Object3,0.6666666666666666,0.5972222222222222,cross_object_holdout,True
F6,MonkeyC_Session02,Event1,Object2,Object1,0.3333333333333333,0.4027777777777778,cross_object_holdout,True
F6,MonkeyC_Session02,Event1,Object2,Object2,0.6579999999999999,0.7583333333333334,within_object_cv,False
F6,MonkeyC_Session02,Event1,Object2,Object3,0.4166666666666667,0.32638888888888884,cross_object_holdout,True
F6,MonkeyC_Session02,Event1,Object3,Object1,0.5416666666666666,0.701388888888889,cross_object_holdout,True
F6,MonkeyC_Session02,Event1,Object3,Object2,0.5,0.47916666666666674,cross_object_holdout,True
F6,MonkeyC_Session02,Event1,Object3,Object3,0.6920000000000001,0.7483333333333333,within_object_cv,False
F6,MonkeyC_Session02,Event3,Object1,Object1,0.679,0.7916666666666665,within_object_cv,False
F6,MonkeyC_Session02,Event3,Object1,Object2,0.75,0.8402777777777777,cross_object_holdout,True
F6,MonkeyC_Session02,Event3,Object1,Object3,0.6666666666666666,0.7083333333333334,cross_object_holdout,True
F6,MonkeyC_Session02,Event3,Object2,Object1,0.7083333333333334,0.7708333333333334,cross_object_holdout,True
F6,MonkeyC_Session02,Event3,Object2,Object2,0.7619999999999999,0.88,within_object_cv,False
F6,MonkeyC_Session02,Event3,Object2,Object3,0.625,0.798611111111111,cross_object_holdout,True
F6,MonkeyC_Session02,Event3,Object3,Object1,0.7916666666666666,0.8541666666666666,cross_object_holdout,True
F6,MonkeyC_Session02,Event3,Object3,Object2,0.75,0.8194444444444445,cross_object_holdout,True
F6,MonkeyC_Session02,Event3,Object3,Object3,0.578,0.6166666666666667,within_object_cv,False
F6,MonkeyC_Session05,Event1,Object1,Object1,0.365,0.38000000000000006,within_object_cv,False
F6,MonkeyC_Session05,Event1,Object1,Object2,0.4166666666666667,0.5069444444444444,cross_object_holdout,True
F6,MonkeyC_Session05,Event1,Object1,Object3,0.4166666666666667,0.3194444444444444,cross_object_holdout,True
F6,MonkeyC_Session05,Event1,Object2,Object1,0.5416666666666666,0.5694444444444444,cross_object_holdout,True
F6,MonkeyC_Session05,Event1,Object2,Object2,0.217,0.205,within_object_cv,False
F6,MonkeyC_Session05,Event1,Object2,Object3,0.3333333333333333,0.22916666666666669,cross_object_holdout,True
F6,MonkeyC_Session05,Event1,Object3,Object1,0.5416666666666666,0.5208333333333333,cross_object_holdout,True
F6,MonkeyC_Session05,Event1,Object3,Object2,0.5,0.5208333333333333,cross_object_holdout,True
F6,MonkeyC_Session05,Event1,Object3,Object3,0.5800000000000001,0.7066666666666667,within_object_cv,False
F6,MonkeyC_Session05,Event3,Object1,Object1,0.45399999999999996,0.4641666666666666,within_object_cv,False
F6,MonkeyC_Session05,Event3,Object1,Object2,0.7083333333333334,0.6944444444444444,cross_object_holdout,True
F6,MonkeyC_Session05,Event3,Object1,Object3,0.4166666666666667,0.5208333333333333,cross_object_holdout,True
F6,MonkeyC_Session05,Event3,Object2,Object1,0.5,0.6041666666666667,cross_object_holdout,True
F6,MonkeyC_Session05,Event3,Object2,Object2,0.5930000000000001,0.61,within_object_cv,False
F6,MonkeyC_Session05,Event3,Object2,Object3,0.4583333333333333,0.5,cross_object_holdout,True
F6,MonkeyC_Session05,Event3,Object3,Object1,0.5833333333333334,0.5416666666666667,cross_object_holdout,True
F6,MonkeyC_Session05,Event3,Object3,Object2,0.5416666666666666,0.5625,cross_object_holdout,True
F6,MonkeyC_Session05,Event3,Object3,Object3,0.516,0.5491666666666667,within_object_cv,False
F6,MonkeyC_Session06,Event1,Object1,Object1,0.5233333333333333,0.5755555555555556,within_object_cv,False
F6,MonkeyC_Session06,Event1,Object1,Object2,0.4666666666666667,0.4488888888888889,cross_object_holdout,True
F6,MonkeyC_Session06,Event1,Object1,Object3,0.43333333333333335,0.4222222222222223,cross_object_holdout,True
F6,MonkeyC_Session06,Event1,Object2,Object1,0.4666666666666667,0.49333333333333335,cross_object_holdout,True
F6,MonkeyC_Session06,Event1,Object2,Object2,0.5366666666666666,0.6244444444444445,within_object_cv,False
F6,MonkeyC_Session06,Event1,Object2,Object3,0.5,0.5288888888888889,cross_object_holdout,True
F6,MonkeyC_Session06,Event1,Object3,Object1,0.4666666666666667,0.3688888888888889,cross_object_holdout,True
F6,MonkeyC_Session06,Event1,Object3,Object2,0.4666666666666667,0.43999999999999995,cross_object_holdout,True
F6,MonkeyC_Session06,Event1,Object3,Object3,0.5333333333333334,0.5688888888888889,within_object_cv,False
F6,MonkeyC_Session06,Event3,Object1,Object1,0.4833333333333333,0.44888888888888895,within_object_cv,False
F6,MonkeyC_Session06,Event3,Object1,Object2,0.6333333333333333,0.6355555555555555,cross_object_holdout,True
F6,MonkeyC_Session06,Event3,Object1,Object3,0.7333333333333333,0.7822222222222222,cross_object_holdout,True
F6,MonkeyC_Session06,Event3,Object2,Object1,0.5666666666666667,0.5955555555555555,cross_object_holdout,True
F6,MonkeyC_Session06,Event3,Object2,Object2,0.4733333333333333,0.5000000000000001,within_object_cv,False
F6,MonkeyC_Session06,Event3,Object2,Object3,0.7333333333333333,0.7288888888888889,cross_object_holdout,True
F6,MonkeyC_Session06,Event3,Object3,Object1,0.6,0.6133333333333334,cross_object_holdout,True
F6,MonkeyC_Session06,Event3,Object3,Object2,0.6666666666666666,0.6799999999999999,cross_object_holdout,True
F6,MonkeyC_Session06,Event3,Object3,Object3,0.6066666666666667,0.6844444444444445,within_object_cv,False
F6,MonkeyC_Session08,Event1,Object1,Object1,0.5733333333333334,0.6022222222222221,within_object_cv,False
F6,MonkeyC_Session08,Event1,Object1,Object2,0.5666666666666667,0.5066666666666666,cross_object_holdout,True
F6,MonkeyC_Session08,Event1,Object1,Object3,0.5333333333333333,0.5777777777777777,cross_object_holdout,True
F6,MonkeyC_Session08,Event1,Object2,Object1,0.5,0.38222222222222224,cross_object_holdout,True
F6,MonkeyC_Session08,Event1,Object2,Object2,0.6333333333333333,0.668888888888889,within_object_cv,False
F6,MonkeyC_Session08,Event1,Object2,Object3,0.5666666666666667,0.6355555555555555,cross_object_holdout,True
F6,MonkeyC_Session08,Event1,Object3,Object1,0.5333333333333333,0.5244444444444445,cross_object_holdout,True
F6,MonkeyC_Session08,Event1,Object3,Object2,0.5666666666666667,0.6044444444444445,cross_object_holdout,True
F6,MonkeyC_Session08,Event1,Object3,Object3,0.5,0.56,within_object_cv,False
F6,MonkeyC_Session08,Event3,Object1,Object1,0.28,0.20444444444444443,within_object_cv,False
F6,MonkeyC_Session08,Event3,Object1,Object2,0.5333333333333333,0.5688888888888889,cross_object_holdout,True
F6,MonkeyC_Session08,Event3,Object1,Object3,0.36666666666666664,0.3377777777777778,cross_object_holdout,True
F6,MonkeyC_Session08,Event3,Object2,Object1,0.4666666666666667,0.4933333333333333,cross_object_holdout,True
F6,MonkeyC_Session08,Event3,Object2,Object2,0.6266666666666667,0.6311111111111112,within_object_cv,False
F6,MonkeyC_Session08,Event3,Object2,Object3,0.6,0.5777777777777778,cross_object_holdout,True
F6,MonkeyC_Session08,Event3,Object3,Object1,0.4,0.42666666666666664,cross_object_holdout,True
F6,MonkeyC_Session08,Event3,Object3,Object2,0.6333333333333333,0.6177777777777778,cross_object_holdout,True
F6,MonkeyC_Session08,Event3,Object3,Object3,0.5533333333333333,0.5155555555555555,within_object_cv,False
